0.640	0.396	10.258	-2.748	0.000
-4.434	-2.209	1.343	2.713	0.000
0.071	-8.720	-0.826	1.014	0.000
0.644	-2.225	-3.855	0.300	0.000
1.908	-14.268	18.020	0.651	0.000
-1.857	-16.090	2.773	2.510	0.000
2.324	17.203	6.985	4.441	1.000
1.270	-21.016	11.387	-1.175	0.000
-1.139	25.311	7.712	2.520	1.000
-3.251	-7.604	-5.961	2.655	1.000
0.456	-14.593	4.796	0.040	0.000
1.539	-4.568	12.102	-0.042	1.000
-0.011	-1.396	12.657	-2.190	0.000
0.158	3.897	0.634	3.999	1.000
0.684	-16.136	4.466	0.594	0.000
1.093	-0.695	11.626	-1.119	0.000
0.880	9.131	4.733	1.205	1.000
-0.123	3.088	-3.077	-0.634	0.000
-1.517	-18.251	7.233	1.373	0.000
0.875	14.247	0.389	0.427	1.000
-1.723	-12.599	17.369	-3.614	0.000
0.195	27.290	14.653	-2.250	0.000
-0.235	-14.740	12.673	-1.985	0.000
0.798	0.492	1.065	1.880	1.000
1.181	13.421	2.583	0.237	1.000
-1.250	-9.130	2.010	1.157	0.000
0.359	-6.100	13.513	-2.291	0.000
-1.462	-16.941	5.489	1.524	0.000
-4.570	-34.295	18.151	4.450	0.000
-2.827	-12.596	5.723	2.485	0.000
-1.552	-8.738	3.753	1.714	0.000
-2.217	17.923	4.581	0.356	1.000
0.817	12.159	3.116	1.941	1.000
0.620	-9.003	14.353	-1.426	0.000
1.501	18.013	3.617	1.956	1.000
-0.064	12.044	-0.622	-0.414	1.000
0.096	20.220	10.711	-2.651	0.000
0.967	9.820	4.921	-0.238	1.000
-3.834	4.304	-0.988	0.342	1.000
-1.046	-16.681	11.784	0.111	0.000
-3.581	23.152	4.133	-1.510	1.000
1.028	23.324	-5.348	1.217	1.000
1.516	15.855	14.042	-0.528	0.000
-5.263	5.755	1.151	2.183	0.000
0.651	12.001	6.485	-0.049	1.000
0.860	6.011	10.390	0.063	1.000
-2.559	-6.755	2.114	1.809	0.000
2.481	19.433	3.300	3.173	1.000
-2.506	11.340	-4.891	0.709	0.000
1.602	-7.025	11.206	-1.223	0.000
1.242	14.603	-0.399	1.780	1.000
2.272	5.668	10.949	2.666	1.000
0.822	-7.516	9.528	-1.941	0.000
1.476	6.086	7.853	1.241	1.000
1.855	-21.197	17.967	1.608	0.000
1.076	9.756	4.313	0.329	1.000
2.129	-3.392	14.962	0.008	0.000
2.779	-3.108	12.698	0.046	0.000
-0.216	36.484	14.022	-1.644	1.000
1.438	2.237	8.858	-1.398	0.000
0.237	-13.834	15.904	-1.064	0.000
0.449	-9.374	-1.139	0.592	0.000
0.188	-24.523	9.716	0.683	0.000
-0.353	21.054	-5.985	0.563	1.000
0.447	13.463	0.513	1.635	1.000
-3.909	15.177	3.457	-1.909	1.000
1.557	9.877	3.026	2.120	1.000
0.303	-14.284	10.458	-2.399	0.000
0.983	-5.076	3.108	1.576	1.000
-2.085	13.952	0.534	0.834	1.000
-0.814	1.094	-0.883	3.379	1.000
-1.963	-14.915	6.955	1.568	0.000
-1.374	-15.930	-7.228	4.399	1.000
1.925	13.583	7.216	-1.577	0.000
-2.040	7.330	4.047	0.472	1.000
-1.595	3.927	-1.900	-0.105	1.000
-1.562	21.416	5.205	-0.849	1.000
-0.530	21.262	7.539	-0.342	1.000
-0.120	13.860	-4.561	0.564	1.000
-2.071	32.308	11.146	-0.750	1.000
0.832	9.475	1.951	0.129	1.000
-0.140	-6.492	1.206	-0.078	0.000
0.355	10.720	-3.694	0.466	1.000
-0.702	1.033	3.450	1.942	1.000
1.770	1.690	4.634	-2.082	0.000
-3.219	12.885	-0.099	2.034	1.000
0.889	9.412	4.616	0.985	1.000
0.762	5.361	-1.101	0.418	1.000
0.476	7.083	-1.260	-0.206	1.000
0.596	-18.200	2.352	1.413	0.000
1.660	-4.832	9.285	-0.832	0.000
1.073	-25.027	13.352	-0.554	0.000
1.663	18.749	12.375	0.754	1.000
4.616	-10.145	16.586	3.270	0.000
-2.251	0.187	3.227	0.234	0.000
0.021	28.441	10.760	-0.772	1.000
0.599	6.677	3.738	0.672	1.000
0.947	8.696	5.757	2.597	1.000
-0.765	-7.778	6.171	-0.790	0.000
2.167	-10.360	13.339	0.355	0.000
-3.411	-17.897	9.593	2.447	0.000
-1.577	-13.474	6.312	0.875	0.000
-3.504	13.437	-1.104	0.147	1.000
-1.668	9.852	0.712	0.611	1.000
-2.559	-13.738	7.727	1.577	0.000
0.075	5.013	6.594	-2.934	0.000
2.046	17.450	2.315	2.433	1.000
-2.631	4.835	1.511	0.398	1.000
-3.805	1.111	-4.255	2.255	1.000
-0.056	-7.524	3.684	-0.683	0.000
-0.719	-2.072	-1.755	0.169	0.000
-3.222	-14.411	-9.401	2.636	1.000
-2.237	-2.063	-2.187	0.484	1.000
-1.478	-17.199	7.257	0.950	0.000
1.556	10.452	6.805	2.795	1.000
2.788	-16.055	14.855	1.125	0.000
1.951	-0.080	15.981	-0.422	0.000
1.254	0.908	11.762	-1.327	0.000
-1.133	6.132	-2.158	3.270	1.000
1.513	8.837	3.578	1.939	1.000
-0.244	-19.396	9.757	0.378	0.000
0.571	-3.192	0.817	-0.841	0.000
2.318	-28.979	18.640	1.363	0.000
-0.115	0.882	-5.511	1.197	0.000
-0.751	-16.181	4.179	1.094	0.000
-1.751	-6.225	0.283	0.978	0.000
0.354	6.594	4.201	0.071	1.000
0.026	13.614	-1.665	-0.360	1.000
2.583	2.434	14.713	0.452	0.000
3.273	-11.174	10.969	1.551	0.000
-2.855	-15.814	6.967	2.385	0.000
-1.094	10.736	2.471	-1.456	1.000
1.679	-14.776	0.827	0.058	0.000
-1.950	-2.613	17.037	-3.740	0.000
-0.184	9.317	-0.666	-0.825	1.000
0.247	7.473	-2.242	-0.096	1.000
-2.257	8.879	-5.460	1.114	0.000
1.690	-31.534	16.637	0.827	0.000
0.625	1.703	12.742	-1.697	0.000
-3.051	-1.079	-1.495	2.430	0.000
1.775	9.125	6.187	0.916	1.000
-0.552	10.056	9.029	-3.089	0.000
-0.486	-5.469	12.189	-2.858	0.000
-4.603	-16.278	9.483	3.566	0.000
0.303	9.326	-0.438	-0.057	1.000
-0.605	1.660	-3.105	-0.068	0.000
-0.162	5.482	1.456	-1.004	1.000
-2.929	-17.691	6.990	2.803	0.000
2.789	10.079	8.329	2.110	1.000
-1.191	7.544	-11.713	-1.875	1.000
0.350	17.106	-6.563	1.004	1.000
-0.015	8.781	5.210	1.145	1.000
-0.761	-3.748	-3.867	1.187	1.000
-2.488	14.963	0.118	0.116	1.000
1.734	-12.141	10.697	-0.511	0.000
-4.994	9.348	-3.541	-0.269	1.000
-2.393	9.785	3.273	2.017	1.000
4.313	-28.409	16.932	3.169	0.000
-1.046	-22.587	10.892	1.404	0.000
-1.611	-22.726	17.818	-2.911	0.000
-1.269	0.814	-2.879	1.451	1.000
-0.337	-16.603	6.452	0.539	0.000
1.544	-26.631	17.601	1.168	0.000
-1.125	-0.513	-1.155	3.664	1.000
1.838	4.268	4.619	1.227	1.000
1.507	3.443	8.077	0.583	1.000
1.971	21.350	4.229	4.219	1.000
1.183	-17.418	16.191	0.016	0.000
0.726	15.588	0.533	1.382	1.000
1.331	-3.827	-2.414	4.535	1.000
3.399	-3.187	11.781	1.575	1.000
-3.590	17.122	3.128	-0.685	1.000
-0.066	2.434	0.500	2.758	1.000
1.618	15.330	7.984	-0.113	1.000
3.565	-28.062	12.207	2.488	0.000
0.932	15.678	0.532	-3.244	0.000
-2.181	-16.728	6.280	1.817	0.000
2.074	-12.910	11.540	0.054	0.000
0.741	-3.001	13.793	-1.667	0.000
2.766	9.817	7.754	2.083	1.000
-5.601	-14.557	8.626	4.247	0.000
2.151	13.908	3.327	1.176	1.000
-2.645	-11.161	6.334	1.626	0.000
-0.075	9.664	3.428	1.964	1.000
-0.091	-4.747	-3.375	3.393	1.000
2.782	4.949	6.249	0.963	1.000
-1.435	18.756	8.011	-0.305	1.000
1.004	19.450	10.265	-0.694	1.000
1.235	-5.324	12.186	-1.284	0.000
-3.298	1.367	-5.533	2.489	1.000
-1.566	-19.789	8.602	1.942	0.000
0.421	-6.658	-2.198	4.928	1.000
1.476	-33.584	22.052	1.540	0.000
1.424	5.454	4.697	-1.469	0.000
-0.967	-20.251	9.060	1.742	0.000
1.535	-4.589	10.304	-0.925	0.000
-0.286	7.035	2.770	0.199	1.000
2.497	14.820	10.255	-0.712	0.000
2.024	0.730	13.391	0.036	0.000
-0.544	-10.317	1.678	1.152	0.000
3.304	-12.974	1.023	-1.664	0.000
-3.467	9.794	-4.735	1.709	0.000
-0.147	-2.696	-2.160	0.441	0.000
-0.486	13.717	-0.160	0.842	1.000
-2.363	-3.287	-1.774	4.505	1.000
-1.853	0.890	-1.774	0.759	0.000
-3.703	9.263	-0.932	-2.273	1.000
0.457	1.520	2.414	-0.126	1.000
-0.613	-7.950	4.880	-0.610	0.000
1.251	18.902	3.285	2.058	1.000
-4.121	4.961	-3.330	0.486	1.000
-0.770	8.334	-3.398	-0.417	1.000
1.283	15.212	1.213	1.040	1.000
2.367	4.494	13.261	0.281	0.000
-0.801	-13.074	3.765	1.336	0.000
-0.533	-9.879	12.438	-2.926	0.000
-0.887	10.408	4.664	0.427	1.000
-1.706	10.853	-3.030	0.816	1.000
0.054	-26.175	16.418	-1.605	0.000
0.658	11.444	4.953	2.866	1.000
-0.346	12.798	3.527	1.954	1.000
0.862	4.943	1.500	1.815	1.000
1.339	11.554	6.977	2.616	1.000
-0.016	-3.794	15.413	-1.630	0.000
0.942	-15.562	13.314	-1.711	0.000
0.893	-9.238	15.003	-1.185	0.000
0.222	-9.074	9.601	-2.648	0.000
-0.471	-12.543	12.191	-1.620	0.000
2.634	-7.907	12.452	0.417	0.000
-0.493	-4.552	-0.419	-0.191	0.000
6.103	0.948	7.557	4.104	0.000
2.762	-8.763	12.418	-0.143	0.000
0.377	8.241	-4.121	-0.458	1.000
3.098	17.959	8.795	4.036	1.000
1.769	-21.026	19.307	0.489	0.000
-1.426	-12.641	4.740	0.864	0.000
-4.040	20.455	1.592	2.347	1.000
-0.655	14.286	5.449	1.257	1.000
-0.217	-1.975	11.118	-2.816	0.000
0.137	10.572	3.666	2.310	1.000
-2.437	-21.413	17.706	-3.318	0.000
-2.998	3.065	-2.324	0.902	1.000
-0.649	-9.270	7.612	-3.456	0.000
-1.149	-4.205	1.304	0.824	0.000
1.193	-3.035	11.663	-1.589	0.000
2.420	-32.701	8.967	0.945	0.000
-1.424	-8.100	1.005	1.723	0.000
0.348	4.204	8.876	-2.921	0.000
-0.961	-10.161	5.297	0.111	0.000
-0.350	20.147	8.394	-0.119	1.000
0.343	-1.893	-1.775	-0.005	0.000
-1.598	-25.135	11.895	1.579	0.000
0.232	-6.774	8.827	-2.294	0.000
0.404	-2.647	7.559	0.205	1.000
-0.890	-13.118	6.135	0.576	0.000
-1.097	1.357	2.280	0.597	1.000
0.039	-6.556	1.455	0.427	0.000
0.777	-4.263	7.905	-1.044	0.000
-0.821	-17.808	15.476	-2.653	0.000
-0.238	-17.440	-4.653	1.839	1.000
-0.211	13.820	4.805	1.973	1.000
0.737	-13.668	14.508	-0.636	0.000
1.810	23.010	1.693	2.734	1.000
3.395	-18.009	12.487	1.813	0.000
2.607	13.362	8.008	2.825	1.000
1.316	23.031	12.310	-0.616	1.000
-1.156	-26.139	14.776	-2.748	0.000
2.252	-6.030	-2.769	-0.693	0.000
-1.646	13.566	3.654	-0.220	1.000
1.202	-7.836	12.453	-1.226	0.000
0.442	-7.875	1.885	-0.753	0.000
1.004	18.736	-4.320	0.836	1.000
-4.528	1.657	-8.470	2.115	1.000
2.706	5.280	4.573	3.739	1.000
0.620	18.122	5.944	1.158	1.000
2.310	8.170	4.694	3.278	1.000
0.007	-2.578	11.620	-2.770	0.000
-2.346	-18.022	9.167	2.124	0.000
2.106	-13.224	0.373	0.204	0.000
-0.440	4.387	7.349	-3.062	0.000
-0.182	-14.029	14.282	-2.525	0.000
2.606	-11.173	15.637	0.100	0.000
-2.312	24.634	5.086	-0.740	1.000
0.654	16.473	6.633	0.620	1.000
-1.005	19.559	-9.588	0.245	1.000
-0.287	-13.375	4.336	0.782	0.000
1.778	-11.078	11.615	-0.177	0.000
1.007	6.304	3.670	1.242	1.000
2.157	-9.429	12.459	0.007	0.000
-3.462	7.463	-1.603	2.587	1.000
-2.921	-13.048	5.184	2.002	0.000
0.432	-5.528	11.431	-2.315	0.000
-1.505	-14.470	7.757	1.009	0.000
-0.548	1.677	12.863	-3.150	0.000
-1.050	-8.045	0.457	1.275	0.000
1.838	5.001	13.470	-1.027	0.000
1.214	-14.029	-0.005	0.407	0.000
1.342	-12.684	18.333	-0.460	0.000
1.120	-3.014	1.026	2.108	1.000
2.363	-0.124	2.657	3.842	1.000
0.498	-17.812	4.346	0.865	0.000
-1.243	-12.939	5.173	0.696	0.000
-0.302	-11.205	12.715	-1.744	0.000
0.674	-21.357	12.180	-1.035	0.000
1.302	8.865	7.111	-1.584	0.000
1.653	10.602	9.478	-0.640	1.000
-0.113	5.060	2.576	0.308	1.000
-1.888	-1.530	-0.231	0.624	1.000
-2.377	8.572	-7.099	2.147	0.000
2.241	-10.474	16.102	0.588	0.000
-0.898	3.559	2.198	1.257	1.000
-1.375	-30.631	14.419	-3.044	0.000
1.248	-23.995	7.520	0.516	0.000
-0.356	7.048	9.149	-2.872	0.000
-1.173	11.459	4.373	2.384	1.000
1.620	1.818	5.689	0.828	1.000
0.674	0.950	3.292	-0.729	1.000
1.335	-8.811	4.401	-1.424	0.000
-2.470	19.508	5.064	-2.434	1.000
1.042	-22.722	11.131	-1.244	0.000
0.122	0.386	2.588	-0.002	1.000
3.554	5.900	7.311	-0.081	0.000
0.371	19.044	9.406	-1.033	1.000
-0.188	-11.793	4.427	0.631	0.000
1.593	3.368	8.472	1.826	1.000
1.750	-23.638	7.431	0.053	0.000
2.094	-19.249	7.729	-0.107	0.000
2.103	10.574	3.388	1.978	1.000
-0.245	-16.994	19.414	-0.982	0.000
0.293	-14.609	14.613	-1.264	0.000
3.488	-16.508	20.193	2.668	0.000
-1.063	0.331	-0.265	-0.009	0.000
-0.725	12.226	-1.133	-0.544	1.000
-0.890	-1.559	-5.741	1.643	0.000
0.323	-12.218	-0.949	1.125	0.000
0.900	-15.562	12.080	-1.609	0.000
-0.956	-1.552	11.976	-3.231	0.000
2.477	-15.344	1.138	-0.439	0.000
-1.230	-16.680	6.565	1.796	0.000
0.676	12.070	1.536	0.115	1.000
0.542	-0.941	17.008	-0.933	0.000
-0.945	-8.157	1.007	1.026	0.000
-1.118	-20.381	5.867	2.528	0.000
-2.379	-0.985	-1.303	1.570	0.000
-1.660	-1.056	-0.645	1.897	1.000
2.423	3.683	9.941	-0.773	0.000
-0.865	-8.573	3.889	0.298	0.000
0.526	-2.506	5.513	-0.812	1.000
-0.180	-15.837	6.213	0.204	0.000
0.722	-8.586	14.102	-1.277	0.000
-1.383	21.783	4.513	-1.340	1.000
-1.087	-9.103	4.124	0.792	0.000
2.097	11.753	2.130	0.821	1.000
0.127	7.119	4.962	-0.563	1.000
1.920	-10.425	-3.001	0.376	0.000
2.222	-13.288	12.902	0.309	0.000
1.035	-17.157	9.889	-1.718	0.000
1.112	-24.203	11.023	0.074	0.000
0.656	5.748	1.594	0.287	1.000
-1.822	-9.987	2.159	2.370	0.000
1.769	-1.438	13.877	0.120	0.000
1.990	-3.379	3.669	1.639	1.000
-0.414	18.481	6.051	-0.613	1.000
0.119	18.790	-4.660	1.229	1.000
2.095	11.148	5.064	1.134	1.000
-0.497	-14.581	8.016	-3.230	0.000
0.351	1.300	2.390	-0.085	1.000
3.053	11.862	12.231	3.460	1.000
0.559	-13.701	13.966	-1.395	0.000
-0.445	-17.530	17.406	-1.684	0.000
-0.704	-17.865	13.482	-2.591	0.000
-1.510	3.580	-1.491	2.461	1.000
-0.019	-11.066	7.371	-2.694	0.000
1.764	-17.806	15.002	0.028	0.000
2.298	-3.890	11.639	0.249	1.000
-3.102	-8.764	4.597	1.514	0.000
-3.049	-14.900	-7.220	3.367	1.000
-0.960	6.866	3.301	0.424	1.000
-0.275	10.754	4.426	1.554	1.000
-1.657	25.009	7.532	-2.858	1.000
-2.023	-8.808	12.306	-4.293	0.000
1.860	-0.624	0.919	2.441	1.000
-2.272	-6.162	4.809	0.869	0.000
-2.154	-6.227	1.802	1.970	0.000
3.393	-29.848	18.818	2.424	0.000
-1.400	-12.927	4.254	2.159	0.000
-0.658	-28.224	13.591	1.887	0.000
2.781	12.567	9.398	3.121	1.000
0.016	-8.472	2.105	0.471	0.000
2.794	-18.606	12.461	0.526	0.000
2.028	-8.532	13.083	0.192	0.000
-0.953	-3.823	10.469	-3.609	0.000
-0.953	19.578	5.755	0.273	1.000
-0.634	-9.609	7.309	-3.297	0.000
0.371	6.638	4.539	2.930	1.000
-1.285	-17.247	7.698	1.140	0.000
1.191	11.001	7.365	-1.885	0.000
-0.868	14.434	5.442	0.094	1.000
-0.421	-18.579	16.079	-1.806	0.000
0.484	-10.213	16.983	-0.349	0.000
0.231	-11.749	17.485	-1.385	0.000
2.531	-20.294	0.701	0.718	0.000
-2.357	12.949	0.566	2.119	1.000
1.656	28.476	-0.261	3.710	1.000
-2.092	4.642	-0.459	-1.863	1.000
0.855	10.320	0.947	1.856	1.000
-2.521	2.748	0.800	-0.565	1.000
0.436	-10.902	12.989	-2.221	0.000
-0.137	-6.392	13.372	-3.065	0.000
-2.167	-13.455	13.335	-4.636	0.000
-0.738	-26.567	13.036	-2.313	0.000
0.340	-3.059	0.482	-0.996	1.000
-2.123	3.011	8.617	-4.366	0.000
0.170	9.528	-4.256	-0.179	1.000
0.946	-19.325	16.849	0.427	0.000
0.037	-8.766	11.118	-1.342	0.000
0.911	-0.962	1.713	2.456	1.000
3.316	2.816	11.668	1.044	0.000
0.924	22.060	-0.145	3.193	1.000
0.681	18.206	-1.785	1.174	1.000
0.058	-8.526	-1.156	0.589	0.000
-2.442	5.725	-0.915	2.278	1.000
-0.329	5.076	-4.857	-0.375	1.000
1.595	1.678	9.802	0.530	1.000
-4.469	8.504	-4.044	3.062	1.000
0.418	-20.316	15.446	-1.216	0.000
1.189	14.051	3.219	2.311	1.000
-0.232	-20.274	14.118	-2.366	0.000
-0.629	-0.366	-1.108	1.857	1.000
2.942	9.971	10.504	2.813	1.000
-1.766	-16.233	16.275	-3.534	0.000
0.411	-23.359	4.121	1.634	0.000
-0.736	-10.127	1.441	0.978	0.000
1.850	-7.800	15.412	0.455	0.000
2.863	-2.927	8.531	0.235	0.000
2.001	24.761	5.139	3.561	1.000
-0.515	-22.004	9.095	0.588	0.000
0.509	5.699	1.528	2.059	1.000
-1.015	19.819	6.304	-0.145	1.000
-1.777	6.593	0.175	3.601	1.000
-0.117	2.892	1.940	1.431	1.000
-1.823	9.667	2.263	0.064	1.000
-0.039	-22.783	10.820	-1.786	0.000
1.045	-0.390	5.914	0.124	1.000
1.172	4.057	11.066	-1.308	0.000
0.676	4.598	1.552	0.713	1.000
-0.218	8.287	2.341	0.072	1.000
1.199	17.825	1.532	1.517	1.000
1.426	16.254	3.645	0.843	1.000
-2.319	9.811	-1.377	0.980	1.000
-3.298	-11.028	-8.978	0.401	1.000
1.062	5.270	6.295	1.566	1.000
2.667	8.807	9.559	1.607	1.000
-1.333	22.678	7.832	0.522	1.000
-0.375	-1.717	13.098	-2.803	0.000
0.896	-3.989	-2.937	0.022	0.000
1.028	-8.274	14.328	-1.129	0.000
1.773	4.405	9.315	1.084	1.000
0.372	16.175	2.299	1.981	1.000
1.293	9.310	5.804	2.212	1.000
-2.519	-6.229	0.249	2.504	0.000
0.804	4.709	3.132	0.697	1.000
-1.600	-0.145	0.230	0.162	1.000
0.426	6.383	-0.320	-0.396	1.000
-1.770	10.404	-5.016	0.472	0.000
0.087	4.733	-1.210	-1.494	1.000
1.567	-15.953	13.380	-1.496	0.000
2.098	-8.851	-2.547	-0.419	0.000
2.953	18.965	9.010	3.479	1.000
-2.785	10.525	2.171	0.828	1.000
-1.432	4.534	9.255	-4.375	0.000
-0.616	-0.144	-3.710	-1.789	1.000
0.844	14.172	-0.232	2.081	1.000
2.053	3.736	7.691	2.282	1.000
1.272	2.675	15.020	-0.789	0.000
0.685	13.360	4.748	1.826	1.000
-3.729	17.785	2.275	-0.251	1.000
0.835	8.006	-2.448	0.059	1.000
-0.813	9.140	3.940	1.774	1.000
-0.001	-6.953	11.684	-2.515	0.000
1.571	-7.044	13.506	-0.706	0.000
1.519	-4.165	-3.466	-0.548	0.000
-2.271	-7.562	1.712	1.863	0.000
2.198	15.328	9.768	2.658	1.000
0.092	9.888	0.178	-0.627	1.000
-1.199	21.750	6.044	-0.345	1.000
0.027	16.736	-2.175	0.529	1.000
1.635	-10.322	9.647	-0.463	0.000
-1.155	3.957	-1.587	-1.978	1.000
0.722	16.306	-4.002	0.552	1.000
-0.010	8.194	13.109	-2.778	0.000
3.086	-20.057	12.402	1.622	0.000
0.269	-4.220	-0.262	-0.560	0.000
-0.605	-7.577	3.693	0.436	0.000
0.633	-8.137	0.306	0.642	0.000
1.263	9.519	11.182	-1.740	0.000
-1.725	-3.473	0.730	1.754	0.000
-0.407	-12.036	10.234	-1.887	0.000
0.693	21.507	-3.207	2.212	1.000
-2.136	10.020	-0.274	0.535	1.000
0.245	-13.167	-5.869	4.679	1.000
0.867	-9.343	1.890	-0.279	0.000
-0.674	4.128	2.057	0.427	1.000
0.500	12.559	-2.465	-0.352	1.000
0.443	3.214	5.302	-0.761	1.000
2.179	-20.327	15.680	0.633	0.000
0.778	3.730	0.589	0.734	1.000
0.606	0.752	13.136	-2.053	0.000
0.366	14.680	-1.906	1.019	1.000
-1.282	-5.848	-2.966	2.867	1.000
0.735	16.657	9.222	0.368	1.000
-0.300	31.572	10.079	0.034	1.000
-3.651	4.482	-7.638	3.745	1.000
0.581	-1.903	8.275	-2.428	0.000
-0.082	-0.842	18.689	-2.018	0.000
2.328	9.129	9.053	1.933	1.000
0.590	-8.510	-1.970	1.071	0.000
1.726	18.311	8.364	3.204	1.000
-1.266	-2.269	0.700	-1.276	1.000
1.625	-11.127	11.824	-0.359	0.000
1.174	11.270	2.199	0.244	1.000
0.786	8.936	1.621	0.085	1.000
-0.177	0.625	-4.354	0.060	0.000
-0.566	-21.916	10.193	-2.284	0.000
1.948	5.855	7.110	2.386	1.000
-2.651	0.889	1.623	0.658	0.000
0.268	7.108	3.502	2.541	1.000
-0.131	-9.737	13.139	-2.117	0.000
0.268	-15.205	11.772	-2.312	0.000
1.897	-1.373	5.283	3.986	1.000
1.224	14.105	2.750	2.173	1.000
-0.389	17.171	-2.767	0.550	1.000
-0.274	9.062	5.418	0.277	1.000
-2.962	9.786	0.430	0.477	1.000
3.704	-0.671	5.629	0.790	1.000
0.473	16.043	-2.288	0.567	1.000
1.504	1.377	-6.409	-0.627	0.000
1.004	-14.473	5.428	-0.360	0.000
2.310	-10.278	13.055	0.312	0.000
0.129	23.040	9.191	-0.308	1.000
-0.435	-17.021	4.337	1.959	0.000
1.610	-4.440	20.763	0.689	0.000
1.708	6.106	6.693	-1.817	0.000
0.926	-16.403	14.109	-0.645	0.000
-2.819	7.318	-3.364	0.225	1.000
-0.003	-15.269	4.444	0.970	0.000
1.994	6.784	8.062	1.597	1.000
1.129	-9.961	11.747	0.133	0.000
0.163	-11.308	12.659	-2.342	0.000
-2.520	-15.576	6.699	1.920	0.000
1.410	4.755	4.672	0.266	1.000
-1.054	2.105	1.916	1.308	1.000
1.609	15.929	7.743	1.467	1.000
0.540	-2.588	6.865	-0.170	1.000
0.651	10.185	-3.401	0.288	1.000
1.621	4.199	11.319	1.898	1.000
-3.804	11.350	-2.246	-1.146	1.000
2.060	20.267	0.144	2.290	1.000
-1.126	16.431	7.980	0.575	1.000
1.801	-3.543	6.796	-1.512	0.000
-1.202	-3.575	2.208	0.985	0.000
-1.531	-2.032	0.743	0.605	0.000
0.048	21.530	8.758	-1.209	1.000
-0.875	-11.549	1.099	1.754	0.000
2.008	-4.633	12.814	0.496	0.000
-0.123	1.719	11.550	-2.757	0.000
0.047	14.772	-0.001	1.531	1.000
1.793	9.306	5.677	2.204	1.000
1.996	16.537	7.046	3.554	1.000
1.546	1.682	6.888	0.392	1.000
1.738	-0.595	-3.532	-1.261	0.000
-1.909	4.612	-4.212	0.619	0.000
1.330	-22.094	16.628	-0.160	0.000
1.855	-12.188	13.689	-0.445	0.000
1.808	6.846	9.658	2.420	1.000
0.004	-5.235	1.661	0.124	0.000
0.816	5.223	8.603	1.133	1.000
0.678	-6.513	9.045	-1.864	0.000
-1.026	-4.632	-4.709	3.306	1.000
-0.912	8.440	4.576	-0.086	1.000
0.286	-20.415	6.323	1.511	0.000
0.474	-2.419	3.450	-0.438	1.000
2.045	22.499	5.355	3.145	1.000
1.072	10.910	3.545	2.113	1.000
-1.243	-9.673	13.661	-3.592	0.000
-0.627	11.516	3.345	1.791	1.000
0.842	5.079	4.397	0.406	1.000
1.354	-3.444	9.714	0.425	1.000
-1.866	-3.819	0.732	1.027	0.000
1.615	7.203	14.185	-0.489	0.000
0.447	-13.219	3.858	-0.103	0.000
0.736	-21.867	14.118	-0.615	0.000
0.229	13.262	1.931	1.777	1.000
1.227	3.558	9.590	1.055	1.000
1.179	-13.264	13.763	-0.619	0.000
-1.024	-7.183	16.061	-2.799	0.000
-1.624	3.688	-1.567	0.234	0.000
1.032	-15.609	3.382	-0.268	0.000
-0.202	-8.261	16.428	-1.809	0.000
0.410	18.033	9.437	-0.793	1.000
-2.007	3.100	-3.857	0.869	1.000
1.160	4.702	1.471	0.215	1.000
-2.616	6.220	-2.396	2.014	1.000
0.645	8.248	4.688	0.752	1.000
1.379	12.746	0.897	2.043	1.000
0.295	4.510	-0.389	-1.234	1.000
1.676	1.495	21.694	0.913	0.000
-0.618	-1.917	0.102	-0.342	0.000
-1.707	1.339	-0.022	0.466	0.000
-1.340	-2.028	-1.683	1.612	0.000
1.723	-7.322	20.227	0.762	0.000
-1.930	3.148	0.274	-2.584	1.000
-1.766	-15.443	10.713	0.209	0.000
0.465	8.838	4.837	1.097	1.000
1.446	11.056	6.118	1.308	1.000
1.669	-5.360	11.715	0.684	1.000
-1.169	-5.602	2.497	0.303	0.000
0.768	4.877	1.884	-0.613	1.000
0.132	-8.878	2.626	0.472	0.000
0.891	3.442	4.549	4.647	1.000
0.047	26.465	11.704	-1.979	1.000
1.694	9.681	4.702	1.532	1.000
4.057	-9.827	12.450	1.775	0.000
1.721	4.930	4.787	1.017	1.000
2.225	6.674	9.101	1.742	1.000
0.692	-3.121	0.468	2.676	1.000
-1.696	-23.236	9.919	-4.287	0.000
-2.894	-26.723	11.866	2.926	0.000
2.738	-9.179	14.133	0.757	0.000
-3.858	16.817	2.753	0.210	1.000
1.849	9.125	6.586	1.735	1.000
-2.716	-20.310	7.862	2.769	0.000
-3.128	-7.673	6.315	1.595	0.000
0.607	-8.616	11.905	-1.552	0.000
1.243	18.076	9.069	0.405	1.000
0.421	-14.499	13.259	-1.089	0.000
-5.481	15.534	-2.448	-0.286	1.000
-1.435	-11.012	5.632	0.367	0.000
-0.537	-9.704	3.232	0.597	0.000
-1.974	0.077	-1.914	1.450	1.000
-0.595	-2.578	-0.877	0.777	0.000
2.026	30.816	-0.613	2.662	1.000
1.684	13.002	0.635	1.812	1.000
-1.729	-23.059	13.583	0.602	0.000
0.931	3.886	2.278	2.477	1.000
2.285	10.245	8.976	-1.373	0.000
-1.467	13.269	1.672	-0.232	1.000
2.141	10.900	8.230	1.925	1.000
0.843	2.143	10.223	-1.609	0.000
-0.603	-15.445	18.925	-1.385	0.000
-1.209	1.714	-2.727	0.528	0.000
1.299	-0.296	9.312	1.578	1.000
0.024	11.708	-3.972	-0.703	1.000
2.424	29.328	0.160	4.254	1.000
1.615	-0.450	10.717	-0.537	0.000
0.605	7.722	2.746	0.260	1.000
-1.219	-22.695	11.592	-3.018	0.000
0.999	8.861	3.313	1.185	1.000
-0.085	3.090	2.139	2.354	1.000
0.109	-21.281	14.370	-1.706	0.000
-0.255	0.991	-3.608	-0.315	0.000
-1.919	14.104	1.719	0.703	1.000
-0.480	13.942	0.613	0.248	1.000
1.089	-25.456	7.864	0.677	0.000
2.769	8.925	12.883	3.084	1.000
2.695	-15.747	11.110	1.230	0.000
-3.675	1.909	0.726	2.009	0.000
-1.431	9.085	1.456	-0.665	1.000
1.037	-10.057	15.707	-0.704	0.000
0.351	-27.161	19.265	-0.410	0.000
4.219	-15.159	8.304	1.529	0.000
1.097	3.837	11.781	1.378	1.000
-0.628	-1.673	0.207	1.418	1.000
-0.735	-10.264	2.286	1.230	0.000
0.685	-15.176	11.403	-1.842	0.000
2.120	5.244	15.309	-0.293	0.000
-1.478	-13.968	6.934	1.817	0.000
0.260	-15.336	3.979	0.296	0.000
-0.724	-1.049	-2.404	0.288	0.000
2.463	23.274	-0.700	3.528	1.000
2.523	24.284	5.330	4.668	1.000
1.084	-9.980	-0.959	0.569	0.000
2.987	5.661	13.659	2.828	1.000
-0.422	0.398	18.236	-1.815	0.000
-1.691	-0.289	-0.021	0.816	0.000
-0.664	3.594	4.194	2.096	1.000
-1.808	-11.328	1.255	2.139	0.000
-0.052	6.244	4.457	0.420	1.000
-0.501	5.944	9.261	-3.444	0.000
0.466	6.320	-2.768	-0.272	1.000
2.132	-11.444	8.332	-0.701	0.000
-1.610	10.950	-3.003	-0.550	1.000
0.110	17.025	-2.340	1.081	1.000
0.463	-19.008	13.578	-1.161	0.000
-0.910	6.893	2.289	0.669	1.000
0.276	-8.338	14.960	-1.887	0.000
-2.636	14.773	-1.002	0.235	1.000
0.255	2.086	3.832	-0.889	1.000
-1.718	22.580	8.368	-1.311	1.000
0.370	-20.581	16.213	-1.194	0.000
1.688	8.247	7.797	1.403	1.000
-0.794	16.256	7.306	-2.142	1.000
0.548	-15.961	11.603	-1.326	0.000
-0.632	0.815	-2.104	1.810	1.000
-0.691	-16.834	6.697	0.676	0.000
1.002	-5.252	5.508	-2.027	0.000
-1.442	-6.787	14.473	-4.199	0.000
2.828	-4.006	16.582	2.304	1.000
-3.971	-13.041	9.551	1.768	0.000
0.973	11.424	3.230	0.307	1.000
1.647	29.524	-1.134	3.086	1.000
2.346	2.145	10.661	-0.131	0.000
-2.017	-7.423	0.982	2.236	0.000
3.527	-15.035	12.428	2.523	0.000
-0.439	-14.954	17.559	-1.536	0.000
2.280	10.712	1.299	1.513	1.000
-1.388	-1.995	0.751	0.760	0.000
-0.721	25.200	10.320	1.260	1.000
0.372	3.711	3.623	2.139	1.000
-1.495	24.297	8.767	-1.394	1.000
-1.604	-13.678	15.593	-3.576	0.000
1.698	7.078	7.737	1.576	1.000
-0.096	8.759	-0.321	-0.256	1.000
0.655	6.291	13.234	-1.637	0.000
1.428	14.181	0.876	1.611	1.000
-4.877	17.174	-1.708	-0.245	1.000
3.055	-19.184	20.359	2.476	0.000
1.300	16.535	2.203	1.689	1.000
1.273	8.586	0.963	-0.423	1.000
-0.963	-12.373	4.115	1.494	0.000
-1.043	-7.466	-0.303	1.572	0.000
-2.347	-11.432	4.587	2.097	0.000
2.362	-9.684	16.724	0.900	0.000
-0.458	11.389	-3.534	-0.688	1.000
-3.402	7.974	-1.198	0.531	1.000
0.363	-11.609	14.437	-0.794	0.000
-0.167	5.708	-1.092	0.279	1.000
2.403	13.161	7.491	2.942	1.000
-2.193	21.515	7.960	-0.679	1.000
-1.108	-5.485	-5.311	3.575	1.000
-1.722	11.584	6.498	-0.428	1.000
0.587	8.562	-1.217	-0.679	1.000
-0.526	5.190	3.250	1.201	1.000
-1.874	5.871	3.046	0.619	1.000
-0.189	9.150	-2.562	-0.627	1.000
-0.904	-4.509	10.255	-4.505	0.000
-0.138	-33.066	13.364	-1.254	0.000
1.484	-40.648	16.053	0.937	0.000
0.585	7.899	4.535	0.861	1.000
0.786	11.150	4.515	1.683	1.000
0.810	-13.900	11.240	-1.625	0.000
-0.212	17.545	7.653	-1.053	1.000
4.676	-28.557	14.699	3.171	0.000
-0.153	-6.564	10.885	-3.160	0.000
1.351	20.371	10.383	1.408	1.000
-1.201	0.562	-4.932	1.769	0.000
-0.331	3.644	1.765	2.044	1.000
3.960	-3.111	12.245	1.749	0.000
1.057	25.615	-0.917	1.871	1.000
-0.908	-16.962	4.336	1.721	0.000
-1.691	24.842	6.589	-1.251	1.000
0.512	-8.975	0.571	0.523	0.000
0.400	-19.639	13.761	-1.239	0.000
-1.222	10.734	3.616	1.490	1.000
-0.398	21.657	-3.463	1.147	1.000
-0.311	-7.530	-0.363	0.489	0.000
-1.728	-2.898	1.233	0.808	0.000
1.902	-10.376	7.337	-0.259	0.000
-2.914	-11.555	7.248	1.771	0.000
-2.189	-10.686	4.200	2.036	0.000
0.833	11.109	3.087	1.215	1.000
2.551	-12.448	16.524	1.432	0.000
-0.370	-13.857	5.695	0.913	0.000
1.634	4.896	5.422	0.560	1.000
1.270	5.481	10.003	0.828	1.000
0.978	-11.991	2.085	0.678	0.000
-0.697	17.770	3.029	2.358	1.000
0.818	7.871	2.827	0.631	1.000
2.217	8.587	11.174	2.373	1.000
-2.718	-10.213	5.358	1.980	0.000
-1.235	6.084	0.009	1.952	1.000
-0.378	-10.677	3.777	-0.161	0.000
0.637	8.446	4.369	0.545	1.000
1.891	-8.871	11.665	-0.618	0.000
0.409	14.776	8.451	2.029	1.000
0.862	20.523	1.765	1.902	1.000
1.678	-12.885	13.101	-0.296	0.000
-1.850	-12.527	4.336	1.588	0.000
-1.831	12.555	0.648	-0.444	1.000
-1.137	16.234	4.502	1.648	1.000
2.529	-17.587	1.581	0.186	0.000
1.439	0.433	2.026	3.940	1.000
1.351	3.591	1.984	-0.044	1.000
-1.832	-4.580	-4.851	0.532	1.000
0.267	13.851	7.088	2.602	1.000
-1.935	12.320	1.399	-0.748	1.000
0.247	-29.344	21.541	-0.319	0.000
-4.023	-17.240	11.897	1.819	0.000
-2.950	20.033	7.437	-0.437	1.000
-0.707	-6.888	1.236	0.492	0.000
0.724	27.158	9.607	1.177	1.000
-1.804	-7.078	4.238	0.204	0.000
0.192	-8.696	11.085	-2.008	0.000
1.044	-8.643	9.282	-1.225	1.000
1.449	18.350	2.619	2.101	1.000
-0.711	9.089	-7.096	-1.224	1.000
-0.138	20.649	7.910	0.707	1.000
0.930	-16.485	3.964	0.283	0.000
-0.252	2.612	1.742	2.029	1.000
2.466	12.081	8.925	3.203	1.000
-1.816	27.630	6.967	-0.347	1.000
0.529	15.929	1.861	1.646	1.000
1.705	5.662	7.648	2.136	1.000
-1.151	-12.693	5.724	1.151	0.000
-0.205	18.697	7.805	0.134	1.000
0.685	-3.695	-0.075	0.920	1.000
1.774	8.808	11.785	-1.298	0.000
2.558	17.873	5.467	3.667	1.000
-0.711	-21.173	7.743	1.222	0.000
-0.563	3.970	-0.736	-1.222	1.000
-3.417	-0.677	-0.062	0.928	0.000
2.156	5.341	9.995	-0.509	0.000
0.102	10.051	4.924	0.910	1.000
0.224	32.809	10.550	-0.743	1.000
1.071	12.290	1.460	2.065	1.000
-0.013	21.108	7.899	1.155	1.000
0.386	27.629	0.506	3.759	1.000
1.056	9.803	3.710	2.021	1.000
4.092	-9.788	12.863	1.777	0.000
-0.664	-5.339	0.329	0.629	0.000
0.261	-18.520	11.450	-2.149	0.000
-3.513	33.692	9.533	-2.857	1.000
-4.303	-4.200	-8.106	1.921	1.000
-1.173	-12.765	1.447	2.194	0.000
3.148	-13.114	12.878	1.249	0.000
-3.533	-13.785	-8.841	0.849	1.000
-1.135	-2.013	2.240	0.470	0.000
-0.785	8.259	1.270	1.965	1.000
-1.251	-0.483	-1.485	0.012	0.000
1.819	6.549	9.338	1.666	1.000
-0.142	18.501	-7.810	0.612	1.000
0.101	10.362	3.961	2.877	1.000
-0.754	0.137	0.475	1.817	1.000
-2.095	2.648	-3.561	3.818	1.000
-0.920	17.267	6.037	-0.919	1.000
1.412	-6.802	11.317	-0.983	0.000
1.526	-3.465	2.588	0.362	1.000
0.894	0.187	2.752	3.938	1.000
-0.031	-9.675	11.178	-3.074	0.000
3.386	19.642	10.102	4.953	1.000
-0.420	-12.397	5.320	-0.078	0.000
-0.266	-22.184	15.367	-1.325	0.000
2.812	13.284	7.835	2.954	1.000
-1.215	-0.188	-1.788	3.268	1.000
2.111	1.832	10.532	-1.017	0.000
-0.706	5.393	0.205	-0.927	1.000
-0.416	13.087	6.203	2.216	1.000
0.324	2.037	4.688	0.567	1.000
-1.423	-4.886	3.782	0.427	0.000
-1.439	-20.654	9.472	1.581	0.000
0.619	-21.717	9.264	-0.915	0.000
0.437	18.858	-1.705	1.992	1.000
0.200	0.304	4.346	-0.157	1.000
1.969	21.479	5.253	3.889	1.000
-0.221	1.363	1.514	2.100	1.000
1.670	15.997	3.564	0.686	1.000
0.143	14.315	-6.537	-0.545	1.000
1.670	-8.088	12.741	-0.317	0.000
-0.378	-32.808	16.897	-1.068	0.000
-1.605	15.874	3.893	-0.545	1.000
1.824	-10.128	19.268	0.542	0.000
-1.931	-11.057	7.325	0.270	0.000
0.081	-7.697	1.394	-0.100	0.000
-3.949	16.878	1.638	-2.730	1.000
1.000	-10.679	12.067	-1.177	0.000
0.099	-21.861	7.346	0.504	0.000
2.495	-15.650	14.746	1.376	0.000
1.874	4.053	14.112	0.773	0.000
1.581	2.837	6.076	1.082	1.000
1.913	-32.957	20.333	1.860	0.000
-1.842	-8.221	11.476	-4.401	0.000
1.368	-6.665	-1.964	0.906	0.000
0.539	-31.267	15.032	-0.112	0.000
-1.246	-0.526	-2.451	0.959	0.000
-2.795	-15.272	8.377	1.689	0.000
0.337	2.137	1.954	0.179	1.000
0.136	24.593	7.034	-0.278	1.000
-0.021	-20.416	8.681	0.267	0.000
0.571	16.033	-1.476	-0.330	1.000
-1.356	-17.747	6.800	0.685	0.000
1.752	1.909	9.610	0.893	1.000
0.416	-14.654	3.142	-0.045	0.000
3.104	-2.226	9.531	0.698	0.000
2.315	12.737	9.898	1.406	1.000
0.250	16.869	-4.137	0.248	1.000
-0.074	5.024	1.160	2.274	1.000
-2.365	0.055	-1.542	1.214	0.000
2.367	3.661	11.316	1.476	1.000
0.513	-12.479	12.751	-1.336	0.000
-1.330	16.348	5.387	-0.078	1.000
-2.447	-3.417	0.144	2.191	0.000
-0.297	-22.281	19.059	-1.348	0.000
0.726	-12.037	1.108	0.252	0.000
0.366	-4.119	14.762	-1.962	0.000
1.742	10.358	6.314	1.374	1.000
-1.766	28.685	10.227	-3.774	1.000
3.249	5.146	13.811	2.668	1.000
0.703	13.841	-2.717	1.080	1.000
-2.580	-10.992	-5.109	1.799	1.000
0.545	-11.090	12.267	-1.745	0.000
0.135	6.366	5.151	0.130	1.000
0.493	-8.853	-1.742	0.653	0.000
0.727	-5.589	-2.321	-0.335	0.000
-1.193	18.220	8.456	-1.880	1.000
-1.845	-11.399	3.828	1.386	0.000
0.102	23.683	-2.547	1.320	1.000
3.167	-8.167	11.274	1.546	0.000
1.868	3.519	9.301	1.355	1.000
1.491	20.968	0.338	2.121	1.000
0.653	9.178	0.626	-0.262	1.000
0.498	-0.300	-2.790	-0.944	0.000
0.281	-19.511	18.109	-0.802	0.000
-0.030	-22.142	8.008	1.090	0.000
0.177	-2.060	0.348	-0.205	0.000
-1.094	13.218	-3.689	-0.004	1.000
0.434	15.168	1.062	1.327	1.000
-0.133	-0.575	-1.307	3.225	1.000
0.999	-18.407	3.059	0.943	0.000
-0.473	-17.804	5.241	1.231	0.000
-2.999	2.423	1.196	0.962	1.000
-0.728	11.146	1.955	-0.486	1.000
-1.209	-2.768	0.017	0.467	0.000
1.473	25.268	13.703	-0.168	1.000
0.836	-9.804	2.140	-0.321	0.000
1.362	-0.284	6.004	-0.692	1.000
-1.064	10.458	2.843	0.496	1.000
-1.994	-7.498	4.038	1.098	0.000
-0.016	-18.457	12.373	-2.503	0.000
-1.080	6.515	7.678	-4.004	0.000
2.180	16.206	9.477	3.905	1.000
2.586	-4.734	10.732	0.291	0.000
0.385	13.548	-4.774	1.585	1.000
1.417	1.779	11.717	-1.284	0.000
-0.910	-11.694	4.377	-3.867	0.000
-0.651	-11.459	17.286	-1.973	0.000
-0.992	-4.688	1.507	0.157	0.000
1.668	8.416	6.424	1.856	1.000
0.341	-22.137	15.899	-1.000	0.000
0.024	6.077	13.030	-2.337	0.000
0.025	-17.873	13.519	-2.481	0.000
-0.660	25.610	9.967	-2.375	1.000
-1.839	-11.896	4.121	1.662	0.000
1.588	19.819	10.129	-0.618	1.000
2.625	-21.288	9.136	0.394	0.000
-1.028	-0.797	-2.080	1.418	1.000
1.352	6.506	3.633	2.318	1.000
0.165	-5.662	9.598	-1.966	0.000
1.131	4.096	10.698	-1.518	0.000
-0.882	25.642	7.969	-0.460	1.000
0.234	22.708	10.467	-0.842	1.000
-1.653	4.390	0.500	0.977	1.000
-1.505	1.577	7.636	-4.889	0.000
-0.559	-24.226	8.569	-3.469	0.000
0.069	-4.685	2.198	-0.838	1.000
-0.012	12.872	-7.052	0.303	1.000
1.387	1.665	5.908	1.278	1.000
-2.011	-14.359	8.386	0.841	0.000
1.335	12.582	1.301	-0.200	1.000
-0.794	-7.331	1.501	0.256	0.000
-0.338	28.338	9.282	-0.314	1.000
0.520	16.955	-4.613	0.591	1.000
0.908	12.322	4.171	1.469	1.000
-0.717	27.984	10.875	-2.470	1.000
1.845	6.292	8.550	-1.190	0.000
-0.090	18.443	3.870	2.339	1.000
0.242	15.088	2.577	1.586	1.000
-2.172	16.268	4.200	-0.899	1.000
0.952	16.498	8.391	-0.018	1.000
-2.925	-10.027	6.141	2.702	0.000
1.556	13.464	3.034	1.596	1.000
1.689	4.000	11.782	1.394	1.000
-0.611	-15.233	16.578	-2.223	0.000
1.082	7.672	3.944	2.081	1.000
4.525	-15.584	14.135	3.100	0.000
0.500	8.403	-0.221	-0.040	1.000
-2.141	1.539	-1.896	0.986	1.000
0.136	-0.720	-0.465	3.633	1.000
3.420	-26.501	10.921	2.079	0.000
-2.714	16.631	1.714	-2.420	1.000
-3.705	-19.809	10.913	2.952	0.000
2.662	1.490	11.637	0.228	0.000
-0.056	8.408	2.644	0.375	1.000
0.234	7.578	1.307	0.572	1.000
0.696	17.512	6.633	1.039	1.000
2.373	-12.398	12.160	0.153	0.000
1.569	9.360	6.246	1.665	1.000
-1.662	-5.882	3.011	0.661	0.000
0.864	-15.952	0.923	0.694	0.000
-1.514	23.742	6.314	-2.352	1.000
-0.162	-10.786	0.635	0.681	0.000
-2.135	-21.263	10.261	2.396	0.000
2.285	-42.000	20.296	1.702	0.000
-0.260	5.600	0.786	1.275	1.000
0.163	7.296	4.638	0.706	1.000
1.758	11.250	4.313	1.438	1.000
-3.214	-18.518	9.980	2.339	0.000
-0.613	-15.193	6.174	0.178	0.000
-1.529	8.816	1.359	2.535	1.000
-1.777	29.178	6.253	-1.483	1.000
1.994	2.084	13.260	-0.634	0.000
1.319	4.380	10.197	1.702	1.000
-4.308	16.242	-1.033	-3.432	1.000
-1.150	-2.767	-1.531	0.995	0.000
0.503	4.877	3.067	-1.112	1.000
2.506	18.933	4.794	3.483	1.000
0.767	-2.765	6.467	0.578	1.000
-1.997	-3.880	0.093	1.275	0.000
0.423	17.574	1.745	1.361	1.000
0.553	-11.414	14.476	-1.538	0.000
-0.506	-0.540	12.679	-3.218	0.000
-3.460	-1.302	0.372	2.081	0.000
1.397	-15.023	6.578	-0.758	0.000
-3.696	-4.290	-5.405	-0.433	1.000
3.547	-23.830	19.537	2.317	0.000
1.052	-11.884	8.859	-1.508	0.000
-0.153	-5.296	-0.924	0.818	0.000
2.082	-18.252	13.064	0.371	0.000
1.329	0.080	12.601	-0.023	0.000
1.433	15.416	2.915	1.957	1.000
0.720	3.270	1.715	-0.456	1.000
0.401	-23.007	6.242	2.117	0.000
3.285	-22.279	10.200	1.084	0.000
0.267	1.341	8.318	-0.053	1.000
-0.033	3.758	2.225	2.795	1.000
-1.958	-18.753	7.657	2.322	0.000
-5.256	-10.559	8.641	2.509	0.000
3.428	-6.230	10.664	1.470	0.000
1.252	-7.018	7.551	-1.451	0.000
0.879	9.526	2.006	1.974	1.000
0.138	22.306	10.864	-1.955	1.000
-3.935	-4.163	3.326	2.849	0.000
-1.926	16.214	4.196	0.612	1.000
0.151	6.480	3.961	0.519	1.000
3.205	3.245	13.189	3.138	1.000
-1.498	3.666	-3.287	-1.627	1.000
3.253	-19.940	6.232	0.503	0.000
2.995	10.703	7.349	1.996	1.000
-1.877	19.172	4.237	-0.669	1.000
-1.610	-2.060	2.155	0.347	0.000
2.525	-0.450	13.521	0.181	0.000
1.832	9.935	7.277	0.722	1.000
1.387	18.916	10.869	-1.524	0.000
-2.775	4.054	-2.107	2.794	1.000
1.218	2.958	12.154	-0.443	0.000
0.576	-13.822	13.442	-1.669	0.000
-3.298	-1.255	-4.916	1.805	1.000
-0.383	6.481	0.424	0.812	1.000
0.298	14.004	-2.356	0.349	1.000
1.476	14.450	6.964	1.772	1.000
-0.467	-11.339	0.029	1.895	0.000
2.421	-17.944	10.384	-0.038	0.000
3.325	9.150	9.370	0.963	0.000
1.907	-12.971	14.311	0.742	0.000
-0.396	14.327	7.658	0.388	1.000
0.973	5.547	3.936	1.682	1.000
-0.764	-18.189	5.929	1.503	0.000
0.805	15.270	-1.399	0.568	1.000
2.339	-4.328	11.159	-0.748	0.000
0.014	6.267	1.163	-1.215	1.000
-1.102	21.050	4.075	1.320	1.000
0.404	4.912	3.417	2.130	1.000
2.124	9.145	3.171	2.206	1.000
-0.244	-22.938	13.378	-2.859	0.000
0.800	11.692	5.294	1.595	1.000
1.273	4.682	-0.672	-0.533	1.000
-0.309	-1.576	2.395	3.630	1.000
0.747	15.025	-0.201	1.336	1.000
0.025	21.922	8.562	-0.114	1.000
-1.093	16.659	-10.184	-0.621	1.000
-2.980	-8.212	6.236	0.831	0.000
-1.845	4.905	0.685	3.261	1.000
1.426	8.432	7.431	1.600	1.000
-0.888	-19.410	19.407	-2.387	0.000
1.639	-13.601	15.546	0.162	0.000
-1.032	9.662	4.109	0.715	1.000
0.324	16.850	-9.228	-0.574	1.000
-0.856	-8.849	0.435	0.835	0.000
-0.745	-0.262	-1.453	0.359	0.000
1.656	12.006	2.399	-2.834	0.000
0.304	9.680	2.499	0.187	1.000
-1.705	-3.749	0.197	1.643	0.000
1.045	-22.975	16.576	0.027	0.000
-1.407	14.728	2.859	0.365	1.000
2.404	2.831	6.700	-1.450	0.000
-2.057	14.618	3.207	1.345	1.000
-0.009	14.285	5.677	2.826	1.000
-0.420	-13.277	12.132	-2.952	0.000
-1.822	-2.941	1.389	0.844	0.000
-1.369	15.319	7.454	1.427	1.000
0.211	3.427	1.131	1.908	1.000
-1.581	-23.127	23.998	-1.960	0.000
0.657	17.014	0.458	1.059	1.000
0.260	-8.900	1.210	-0.087	0.000
3.408	4.891	12.393	2.522	1.000
-3.622	9.337	0.716	-1.283	1.000
0.945	10.044	5.585	1.713	1.000
-3.698	1.920	-3.561	2.192	1.000
0.592	13.368	0.861	0.381	1.000
-0.155	-0.938	9.469	-2.377	0.000
-0.645	-3.996	-2.528	1.710	0.000
-0.474	4.470	-3.148	-0.667	0.000
-4.041	11.353	-2.736	0.063	1.000
-0.236	0.412	13.618	-2.811	0.000
-1.397	15.170	4.804	-3.088	1.000
-0.294	24.792	-6.207	0.527	1.000
-1.706	-10.335	5.623	1.525	0.000
-1.594	-8.645	-0.230	1.754	0.000
0.818	21.745	9.038	0.844	1.000
1.034	-1.352	-2.725	-1.115	0.000
0.524	12.205	11.150	-2.861	0.000
-0.532	-15.789	8.036	0.367	0.000
0.196	18.285	-0.645	0.309	1.000
1.262	5.835	4.192	-0.193	1.000
-2.349	-2.042	-0.192	2.016	0.000
-4.008	-10.066	5.796	2.915	0.000
1.307	-23.856	12.205	-0.702	0.000
2.072	1.996	5.152	0.241	1.000
-2.194	-15.745	8.203	1.550	0.000
0.252	-31.811	17.139	-0.731	0.000
-0.853	1.740	-0.916	-0.215	0.000
-0.578	33.908	13.845	-0.851	1.000
-0.930	-29.081	11.164	2.488	0.000
-0.686	-19.494	17.270	-2.183	0.000
0.339	6.910	-2.478	-0.156	1.000
-1.239	12.829	3.421	-0.498	1.000
-1.349	-5.241	2.274	0.724	0.000
-0.451	-9.540	0.954	1.313	0.000
-5.332	6.781	-0.431	2.389	0.000
0.732	25.871	-5.652	0.925	1.000
-0.523	-4.146	-1.139	0.237	0.000
0.510	2.628	3.751	1.229	1.000
-1.011	9.161	3.477	0.934	1.000
1.497	20.380	3.193	2.584	1.000
1.358	-9.758	16.473	0.067	0.000
-0.673	18.192	5.053	0.718	1.000
-2.931	8.135	0.511	0.121	1.000
0.451	-3.471	-0.112	-0.897	0.000
1.256	-4.755	-1.015	-0.888	0.000
2.440	2.302	10.153	0.771	1.000
0.592	-11.065	0.005	0.069	0.000
-2.030	-10.567	5.579	0.998	0.000
1.050	-9.168	-4.363	4.571	1.000
-2.837	-8.083	-2.915	1.190	1.000
-0.605	-2.951	14.544	-2.179	0.000
0.493	-21.162	19.141	-0.156	0.000
-3.318	6.148	-3.033	1.109	1.000
-0.893	-13.213	4.579	1.068	0.000
0.810	15.505	1.614	1.263	1.000
2.394	-3.354	13.433	0.112	0.000
-1.017	-15.807	8.910	0.182	0.000
-0.080	-17.948	18.955	-0.666	0.000
-0.087	-0.523	4.085	-0.207	1.000
-0.662	-10.987	3.222	0.916	0.000
-1.923	20.604	3.606	0.019	1.000
0.926	12.983	10.430	-1.237	1.000
1.626	17.188	6.456	2.863	1.000
2.841	-1.984	13.970	3.004	1.000
2.174	-0.725	7.365	2.641	1.000
0.779	-14.150	5.886	-0.709	0.000
-1.105	12.885	3.798	0.885	1.000
0.851	9.271	9.384	-2.465	0.000
2.230	16.614	9.246	4.558	1.000
2.193	17.911	5.806	2.182	1.000
-1.119	20.372	7.236	-0.764	1.000
-1.169	-8.611	13.045	-2.977	0.000
-2.760	20.191	3.227	-1.679	1.000
4.153	-1.366	7.773	2.076	0.000
-0.030	4.636	-0.300	3.856	1.000
0.854	-25.368	8.385	0.662	0.000
-0.344	4.397	-2.899	-1.466	1.000
1.132	1.541	9.986	-1.225	0.000
-1.834	-3.931	-1.585	3.676	1.000
-5.132	-2.865	3.327	3.323	0.000
0.929	7.745	2.905	1.268	1.000
-2.115	21.137	3.739	-0.086	1.000
1.877	5.300	12.029	2.526	1.000
1.365	-5.267	-1.396	-0.653	0.000
-1.199	-14.645	8.269	-4.170	0.000
1.101	19.612	-0.408	1.391	1.000
1.344	0.606	7.698	0.533	1.000
-0.763	0.699	0.784	2.808	1.000
0.295	16.808	-7.145	-0.198	1.000
0.233	12.341	-3.142	0.793	1.000
-0.457	-8.019	-2.083	2.610	1.000
3.215	2.389	15.678	2.081	0.000
1.151	-14.694	12.814	0.088	0.000
1.630	-0.010	8.218	0.286	1.000
0.866	-12.283	13.383	-1.233	0.000
0.740	21.286	9.152	-0.084	1.000
1.434	13.455	7.737	-0.061	1.000
2.979	7.267	10.212	2.108	1.000
0.281	14.556	4.853	-0.291	1.000
-0.644	12.091	5.253	1.602	1.000
1.685	-13.368	14.825	-0.530	0.000
0.756	-7.178	-0.791	0.296	0.000
0.364	9.301	-0.144	-0.622	1.000
-0.399	-31.697	14.690	1.113	0.000
0.624	32.602	12.381	-0.859	1.000
0.211	9.911	-0.398	-0.309	1.000
1.920	4.948	7.276	-0.780	0.000
2.502	12.685	12.451	3.242	1.000
0.661	-8.717	10.499	-2.094	0.000
-0.758	-15.534	6.102	0.972	0.000
0.033	-1.258	-2.299	-0.702	1.000
-1.248	0.583	0.468	1.088	1.000
1.697	1.617	9.387	1.194	1.000
1.867	1.815	6.234	-0.907	0.000
-1.917	10.602	2.961	0.640	1.000
-2.579	-17.410	9.422	1.699	0.000
3.295	-9.646	20.480	2.358	0.000
-0.640	-6.369	-1.191	0.369	0.000
0.472	13.590	1.342	1.160	1.000
-0.363	2.052	3.477	1.349	1.000
0.857	-11.931	12.101	-2.117	0.000
0.264	21.116	-4.192	0.674	1.000
-1.056	-3.554	0.202	0.504	0.000
0.476	-17.860	5.147	0.070	0.000
-0.268	-7.786	-2.006	4.623	1.000
1.793	10.900	5.376	1.311	1.000
-5.081	-9.445	9.001	2.860	0.000
-1.509	-20.271	9.693	1.891	0.000
-1.681	10.749	3.439	1.685	1.000
-1.215	0.862	0.018	0.513	0.000
2.537	-20.150	3.110	-0.202	0.000
-1.640	-14.291	11.434	-4.013	0.000
1.200	17.030	8.022	2.724	1.000
0.681	-10.410	12.707	-1.130	0.000
1.008	-17.713	3.108	1.094	0.000
-0.421	14.624	-4.200	-0.560	1.000
2.046	-1.659	16.279	-0.132	0.000
-3.384	-14.663	14.082	-5.864	0.000
-0.633	13.261	3.161	0.493	1.000
1.205	-13.556	1.338	0.815	0.000
2.990	12.976	11.629	3.078	1.000
0.566	7.100	4.393	0.937	1.000
0.094	-19.909	18.055	-1.271	0.000
0.439	-1.070	-3.648	-0.614	0.000
-0.384	23.963	8.520	0.741	1.000
2.415	11.895	12.394	3.238	1.000
-2.008	4.971	1.298	1.544	1.000
0.518	42.148	17.329	-2.358	1.000
-4.062	8.596	-1.354	0.728	1.000
1.908	-18.754	3.527	-0.127	0.000
-1.278	2.672	-2.360	0.879	1.000
